?x	?p	?y
<https://spec.industrialontologies.org/ontology/construct/EquipmentRole>	<https://spec.industrialontologies.org/ontology/construct/roleOf>	_:B571f1838X2D64c4X2D48faX2Db5c1X2Dccf73aa6b020genid476
<https://spec.industrialontologies.org/ontology/construct/Event>	<https://spec.industrialontologies.org/ontology/construct/recognizedByAtSomeTime>	<https://spec.industrialontologies.org/ontology/construct/Agent>
<https://spec.industrialontologies.org/ontology/construct/PlanSpecification>	<http://purl.obolibrary.org/obo/BFO_0000110>	<https://spec.industrialontologies.org/ontology/construct/ObjectiveSpecification>
<https://spec.industrialontologies.org/ontology/construct/MaterialProductRole>	<https://spec.industrialontologies.org/ontology/construct/roleOf>	_:B571f1838X2D64c4X2D48faX2Db5c1X2Dccf73aa6b020genid698
<https://spec.industrialontologies.org/ontology/construct/MeasurementProcess>	<http://purl.obolibrary.org/obo/BFO_0000057>	_:B571f1838X2D64c4X2D48faX2Db5c1X2Dccf73aa6b020genid754
<https://spec.industrialontologies.org/ontology/construct/ServiceProviderRole>	<https://spec.industrialontologies.org/ontology/construct/roleOf>	_:B571f1838X2D64c4X2D48faX2Db5c1X2Dccf73aa6b020genid891
<https://spec.industrialontologies.org/ontology/construct/Assembly>	_:B571f1838X2D64c4X2D48faX2Db5c1X2Dccf73aa6b020genid321	<https://spec.industrialontologies.org/ontology/construct/MaterialComponent>
<https://spec.industrialontologies.org/ontology/construct/BuyingBusinessProcess>	<http://purl.obolibrary.org/obo/BFO_0000057>	<https://spec.industrialontologies.org/ontology/construct/Buyer>
<https://spec.industrialontologies.org/ontology/construct/SellingBusinessProcess>	<http://purl.obolibrary.org/obo/BFO_0000057>	_:B571f1838X2D64c4X2D48faX2Db5c1X2Dccf73aa6b020genid880
<https://spec.industrialontologies.org/ontology/construct/AssemblyProcess>	<https://spec.industrialontologies.org/ontology/construct/hasInput>	<https://spec.industrialontologies.org/ontology/construct/MaterialComponent>
<https://spec.industrialontologies.org/ontology/construct/BusinessProcess>	<https://spec.industrialontologies.org/ontology/construct/prescribedBy>	_:B571f1838X2D64c4X2D48faX2Db5c1X2Dccf73aa6b020genid349
<https://spec.industrialontologies.org/ontology/construct/CustomerRole>	<https://spec.industrialontologies.org/ontology/construct/roleOf>	_:B571f1838X2D64c4X2D48faX2Db5c1X2Dccf73aa6b020genid447
<https://spec.industrialontologies.org/ontology/construct/MaterialComponentRole>	<https://spec.industrialontologies.org/ontology/construct/roleOf>	<http://purl.obolibrary.org/obo/BFO_0000040>
<https://spec.industrialontologies.org/ontology/construct/ValueExpression>	<https://spec.industrialontologies.org/ontology/construct/isValueExpressionOfAtSomeTime>	<http://purl.obolibrary.org/obo/BFO_0000001>
<https://spec.industrialontologies.org/ontology/construct/RequirementSpecification>	<https://spec.industrialontologies.org/ontology/construct/isAbout>	<https://spec.industrialontologies.org/ontology/construct/ObjectiveSpecification>
<https://spec.industrialontologies.org/ontology/construct/AssemblyProcess>	<https://spec.industrialontologies.org/ontology/construct/hasSpecifiedOutput>	_:B571f1838X2D64c4X2D48faX2Db5c1X2Dccf73aa6b020genid324
<https://spec.industrialontologies.org/ontology/construct/CommercialService>	<http://purl.obolibrary.org/obo/BFO_0000057>	<https://spec.industrialontologies.org/ontology/construct/ServiceProvider>
<https://spec.industrialontologies.org/ontology/construct/ManufacturingProcess>	<https://spec.industrialontologies.org/ontology/construct/hasSpecifiedOutput>	_:B571f1838X2D64c4X2D48faX2Db5c1X2Dccf73aa6b020genid638
<https://spec.industrialontologies.org/ontology/construct/CommercialService>	<https://spec.industrialontologies.org/ontology/construct/isSubjectOf>	<https://spec.industrialontologies.org/ontology/construct/CommercialServiceAgreement>
<https://spec.industrialontologies.org/ontology/construct/Agreement>	<http://purl.obolibrary.org/obo/BFO_0000110>	<https://spec.industrialontologies.org/ontology/construct/ObjectiveSpecification>
<https://spec.industrialontologies.org/ontology/construct/BusinessFunction>	<https://spec.industrialontologies.org/ontology/construct/functionOf>	<https://spec.industrialontologies.org/ontology/construct/Organization>
<https://spec.industrialontologies.org/ontology/construct/CommercialService>	<http://purl.obolibrary.org/obo/BFO_0000117>	<https://spec.industrialontologies.org/ontology/construct/SupplyingBusinessProcess>
<https://spec.industrialontologies.org/ontology/construct/AgentRole>	<https://spec.industrialontologies.org/ontology/construct/roleOf>	_:B571f1838X2D64c4X2D48faX2Db5c1X2Dccf73aa6b020genid307
<https://spec.industrialontologies.org/ontology/construct/SupplierRole>	<https://spec.industrialontologies.org/ontology/construct/roleOf>	_:B571f1838X2D64c4X2D48faX2Db5c1X2Dccf73aa6b020genid913
<https://spec.industrialontologies.org/ontology/construct/MaterialResourceRole>	<https://spec.industrialontologies.org/ontology/construct/roleOf>	_:B571f1838X2D64c4X2D48faX2Db5c1X2Dccf73aa6b020genid711
<https://spec.industrialontologies.org/ontology/construct/BuyingBusinessProcess>	<http://purl.obolibrary.org/obo/BFO_0000057>	_:B571f1838X2D64c4X2D48faX2Db5c1X2Dccf73aa6b020genid374
<https://spec.industrialontologies.org/ontology/construct/BuyerRole>	<https://spec.industrialontologies.org/ontology/construct/roleOf>	_:B571f1838X2D64c4X2D48faX2Db5c1X2Dccf73aa6b020genid365
<https://spec.industrialontologies.org/ontology/construct/BusinessProcess>	<http://purl.obolibrary.org/obo/BFO_0000057>	_:B571f1838X2D64c4X2D48faX2Db5c1X2Dccf73aa6b020genid344
<https://spec.industrialontologies.org/ontology/construct/MaterialLocationChangeProcess>	<http://purl.obolibrary.org/obo/BFO_0000057>	_:B571f1838X2D64c4X2D48faX2Db5c1X2Dccf73aa6b020genid655
<https://spec.industrialontologies.org/ontology/construct/SellingBusinessProcess>	<http://purl.obolibrary.org/obo/BFO_0000057>	<https://spec.industrialontologies.org/ontology/construct/Supplier>
<https://spec.industrialontologies.org/ontology/construct/Identifier>	<https://spec.industrialontologies.org/ontology/construct/designates>	<http://purl.obolibrary.org/obo/BFO_0000001>
<https://spec.industrialontologies.org/ontology/construct/SupplyingBusinessProcess>	<http://purl.obolibrary.org/obo/BFO_0000057>	<https://spec.industrialontologies.org/ontology/construct/Supplier>
<https://spec.industrialontologies.org/ontology/construct/ManufacturingProcess>	<https://spec.industrialontologies.org/ontology/construct/hasInput>	<http://purl.obolibrary.org/obo/BFO_0000040>
<https://spec.industrialontologies.org/ontology/construct/BusinessFunction>	<https://spec.industrialontologies.org/ontology/construct/prescribedBy>	_:B571f1838X2D64c4X2D48faX2Db5c1X2Dccf73aa6b020genid334
<https://spec.industrialontologies.org/ontology/construct/MeasurementCapability>	<https://spec.industrialontologies.org/ontology/construct/capabilityOf>	<http://purl.obolibrary.org/obo/BFO_0000040>
<https://spec.industrialontologies.org/ontology/construct/PlanSpecification>	<http://purl.obolibrary.org/obo/BFO_0000110>	<https://spec.industrialontologies.org/ontology/construct/ActionSpecification>
<https://spec.industrialontologies.org/ontology/construct/RawMaterialRole>	<https://spec.industrialontologies.org/ontology/construct/roleOf>	_:B571f1838X2D64c4X2D48faX2Db5c1X2Dccf73aa6b020genid857
<https://spec.industrialontologies.org/ontology/construct/CommercialService>	<https://spec.industrialontologies.org/ontology/construct/prescribedBy>	<https://spec.industrialontologies.org/ontology/construct/CommercialServiceSpecification>
<https://spec.industrialontologies.org/ontology/construct/ManufacturingProcess>	<http://purl.obolibrary.org/obo/BFO_0000057>	_:B571f1838X2D64c4X2D48faX2Db5c1X2Dccf73aa6b020genid632
<https://spec.industrialontologies.org/ontology/construct/ManufacturerRole>	<https://spec.industrialontologies.org/ontology/construct/roleOf>	_:B571f1838X2D64c4X2D48faX2Db5c1X2Dccf73aa6b020genid627
<https://spec.industrialontologies.org/ontology/construct/MaterialResourceRole>	<https://spec.industrialontologies.org/ontology/construct/roleOf>	_:B5efe5dedX2Db671X2D494dX2D99e5X2Df726c9ebb03agenid557
<https://spec.industrialontologies.org/ontology/construct/ManufacturerRole>	<https://spec.industrialontologies.org/ontology/construct/roleOf>	_:B5efe5dedX2Db671X2D494dX2D99e5X2Df726c9ebb03agenid473
<https://spec.industrialontologies.org/ontology/construct/SupplyingBusinessProcess>	<http://purl.obolibrary.org/obo/BFO_0000057>	<https://spec.industrialontologies.org/ontology/construct/Supplier>
<https://spec.industrialontologies.org/ontology/construct/MaterialProductRole>	<https://spec.industrialontologies.org/ontology/construct/roleOf>	_:B5efe5dedX2Db671X2D494dX2D99e5X2Df726c9ebb03agenid544
<https://spec.industrialontologies.org/ontology/construct/MaterialComponentRole>	<https://spec.industrialontologies.org/ontology/construct/roleOf>	<http://purl.obolibrary.org/obo/BFO_0000040>
<https://spec.industrialontologies.org/ontology/construct/CommercialService>	<https://spec.industrialontologies.org/ontology/construct/prescribedBy>	<https://spec.industrialontologies.org/ontology/construct/CommercialServiceSpecification>
<https://spec.industrialontologies.org/ontology/construct/AssemblyProcess>	<https://spec.industrialontologies.org/ontology/construct/hasInput>	<https://spec.industrialontologies.org/ontology/construct/MaterialComponent>
<https://spec.industrialontologies.org/ontology/construct/EquipmentRole>	<https://spec.industrialontologies.org/ontology/construct/roleOf>	_:B5efe5dedX2Db671X2D494dX2D99e5X2Df726c9ebb03agenid322
<https://spec.industrialontologies.org/ontology/construct/CommercialService>	<http://purl.obolibrary.org/obo/BFO_0000117>	<https://spec.industrialontologies.org/ontology/construct/SupplyingBusinessProcess>
<https://spec.industrialontologies.org/ontology/construct/MaterialLocationChangeProcess>	<http://purl.obolibrary.org/obo/BFO_0000057>	_:B5efe5dedX2Db671X2D494dX2D99e5X2Df726c9ebb03agenid501
<https://spec.industrialontologies.org/ontology/construct/Identifier>	<https://spec.industrialontologies.org/ontology/construct/designates>	<http://purl.obolibrary.org/obo/BFO_0000001>
<https://spec.industrialontologies.org/ontology/construct/BuyingBusinessProcess>	<http://purl.obolibrary.org/obo/BFO_0000057>	_:B5efe5dedX2Db671X2D494dX2D99e5X2Df726c9ebb03agenid220
<https://spec.industrialontologies.org/ontology/construct/Agreement>	<http://purl.obolibrary.org/obo/BFO_0000110>	<https://spec.industrialontologies.org/ontology/construct/ObjectiveSpecification>
<https://spec.industrialontologies.org/ontology/construct/CommercialService>	<http://purl.obolibrary.org/obo/BFO_0000057>	<https://spec.industrialontologies.org/ontology/construct/ServiceProvider>
<https://spec.industrialontologies.org/ontology/construct/BusinessProcess>	<http://purl.obolibrary.org/obo/BFO_0000057>	_:B5efe5dedX2Db671X2D494dX2D99e5X2Df726c9ebb03agenid190
<https://spec.industrialontologies.org/ontology/construct/ManufacturingProcess>	<https://spec.industrialontologies.org/ontology/construct/hasInput>	<http://purl.obolibrary.org/obo/BFO_0000040>
<https://spec.industrialontologies.org/ontology/construct/RequirementSpecification>	<https://spec.industrialontologies.org/ontology/construct/isAbout>	<https://spec.industrialontologies.org/ontology/construct/ObjectiveSpecification>
<https://spec.industrialontologies.org/ontology/construct/ManufacturingProcess>	<http://purl.obolibrary.org/obo/BFO_0000057>	_:B5efe5dedX2Db671X2D494dX2D99e5X2Df726c9ebb03agenid478
<https://spec.industrialontologies.org/ontology/construct/SupplierRole>	<https://spec.industrialontologies.org/ontology/construct/roleOf>	_:B5efe5dedX2Db671X2D494dX2D99e5X2Df726c9ebb03agenid759
<https://spec.industrialontologies.org/ontology/construct/BuyingBusinessProcess>	<http://purl.obolibrary.org/obo/BFO_0000057>	<https://spec.industrialontologies.org/ontology/construct/Buyer>
<https://spec.industrialontologies.org/ontology/construct/ValueExpression>	<https://spec.industrialontologies.org/ontology/construct/isValueExpressionOfAtSomeTime>	<http://purl.obolibrary.org/obo/BFO_0000001>
<https://spec.industrialontologies.org/ontology/construct/SellingBusinessProcess>	<http://purl.obolibrary.org/obo/BFO_0000057>	<https://spec.industrialontologies.org/ontology/construct/Supplier>
<https://spec.industrialontologies.org/ontology/construct/CustomerRole>	<https://spec.industrialontologies.org/ontology/construct/roleOf>	_:B5efe5dedX2Db671X2D494dX2D99e5X2Df726c9ebb03agenid293
<https://spec.industrialontologies.org/ontology/construct/BusinessFunction>	<https://spec.industrialontologies.org/ontology/construct/prescribedBy>	_:B5efe5dedX2Db671X2D494dX2D99e5X2Df726c9ebb03agenid180
<https://spec.industrialontologies.org/ontology/construct/MeasurementProcess>	<http://purl.obolibrary.org/obo/BFO_0000057>	_:B5efe5dedX2Db671X2D494dX2D99e5X2Df726c9ebb03agenid600
<https://spec.industrialontologies.org/ontology/construct/SellingBusinessProcess>	<http://purl.obolibrary.org/obo/BFO_0000057>	_:B5efe5dedX2Db671X2D494dX2D99e5X2Df726c9ebb03agenid726
<https://spec.industrialontologies.org/ontology/construct/ServiceProviderRole>	<https://spec.industrialontologies.org/ontology/construct/roleOf>	_:B5efe5dedX2Db671X2D494dX2D99e5X2Df726c9ebb03agenid737
<https://spec.industrialontologies.org/ontology/construct/Assembly>	_:B5efe5dedX2Db671X2D494dX2D99e5X2Df726c9ebb03agenid167	<https://spec.industrialontologies.org/ontology/construct/MaterialComponent>
<https://spec.industrialontologies.org/ontology/construct/RawMaterialRole>	<https://spec.industrialontologies.org/ontology/construct/roleOf>	_:B5efe5dedX2Db671X2D494dX2D99e5X2Df726c9ebb03agenid703
<https://spec.industrialontologies.org/ontology/construct/ManufacturingProcess>	<https://spec.industrialontologies.org/ontology/construct/hasSpecifiedOutput>	_:B5efe5dedX2Db671X2D494dX2D99e5X2Df726c9ebb03agenid484
<https://spec.industrialontologies.org/ontology/construct/MeasurementCapability>	<https://spec.industrialontologies.org/ontology/construct/capabilityOf>	<http://purl.obolibrary.org/obo/BFO_0000040>
<https://spec.industrialontologies.org/ontology/construct/CommercialService>	<https://spec.industrialontologies.org/ontology/construct/isSubjectOf>	<https://spec.industrialontologies.org/ontology/construct/CommercialServiceAgreement>
<https://spec.industrialontologies.org/ontology/construct/BuyerRole>	<https://spec.industrialontologies.org/ontology/construct/roleOf>	_:B5efe5dedX2Db671X2D494dX2D99e5X2Df726c9ebb03agenid211
<https://spec.industrialontologies.org/ontology/construct/PlanSpecification>	<http://purl.obolibrary.org/obo/BFO_0000110>	<https://spec.industrialontologies.org/ontology/construct/ActionSpecification>
<https://spec.industrialontologies.org/ontology/construct/AssemblyProcess>	<https://spec.industrialontologies.org/ontology/construct/hasSpecifiedOutput>	_:B5efe5dedX2Db671X2D494dX2D99e5X2Df726c9ebb03agenid170
<https://spec.industrialontologies.org/ontology/construct/AgentRole>	<https://spec.industrialontologies.org/ontology/construct/roleOf>	_:B5efe5dedX2Db671X2D494dX2D99e5X2Df726c9ebb03agenid153
<https://spec.industrialontologies.org/ontology/construct/PlanSpecification>	<http://purl.obolibrary.org/obo/BFO_0000110>	<https://spec.industrialontologies.org/ontology/construct/ObjectiveSpecification>
<https://spec.industrialontologies.org/ontology/construct/BusinessFunction>	<https://spec.industrialontologies.org/ontology/construct/functionOf>	<https://spec.industrialontologies.org/ontology/construct/Organization>
<https://spec.industrialontologies.org/ontology/construct/Event>	<https://spec.industrialontologies.org/ontology/construct/recognizedByAtSomeTime>	<https://spec.industrialontologies.org/ontology/construct/Agent>
<https://spec.industrialontologies.org/ontology/construct/BusinessProcess>	<https://spec.industrialontologies.org/ontology/construct/prescribedBy>	_:B5efe5dedX2Db671X2D494dX2D99e5X2Df726c9ebb03agenid195
<https://www.inf.ufrgs.br/ontologies/copi/COPI_0000031>	<http://purl.obolibrary.org/obo/BFO_0000054>	<https://www.inf.ufrgs.br/ontologies/copi/COPI_0000036>
<https://www.inf.ufrgs.br/ontologies/copi/COPI_0000025>	<http://purl.obolibrary.org/obo/BFO_0000054>	<https://www.inf.ufrgs.br/ontologies/copi/COPI_0000009>
<https://www.inf.ufrgs.br/ontologies/copi/COPI_0000030>	<http://purl.obolibrary.org/obo/BFO_0000054>	<https://www.inf.ufrgs.br/ontologies/copi/COPI_0000035>
<https://www.inf.ufrgs.br/ontologies/copi/COPI_0000047>	<https://spec.industrialontologies.org/ontology/construct/describes>	<https://www.inf.ufrgs.br/ontologies/copi/COPI_0000052>
<https://www.inf.ufrgs.br/ontologies/copi/COPI_0000032>	<http://purl.obolibrary.org/obo/BFO_0000054>	<https://www.inf.ufrgs.br/ontologies/copi/COPI_0000034>
<https://www.inf.ufrgs.br/ontologies/copi/COPI_0000049>	<https://spec.industrialontologies.org/ontology/construct/describes>	<https://www.inf.ufrgs.br/ontologies/copi/COPI_0000054>
<https://www.inf.ufrgs.br/ontologies/copi/COPI_0000027>	<http://purl.obolibrary.org/obo/BFO_0000054>	<https://www.inf.ufrgs.br/ontologies/copi/COPI_0000033>
<https://www.inf.ufrgs.br/ontologies/copi/COPI_0000026>	<http://purl.obolibrary.org/obo/BFO_0000054>	<https://www.inf.ufrgs.br/ontologies/copi/COPI_0000010>
<https://www.inf.ufrgs.br/ontologies/copi/COPI_0000029>	<http://purl.obolibrary.org/obo/BFO_0000054>	<https://spec.industrialontologies.org/ontology/construct/MeasurementProcess>
<https://www.inf.ufrgs.br/ontologies/copi/COPI_0000028>	<http://purl.obolibrary.org/obo/BFO_0000054>	<https://spec.industrialontologies.org/ontology/construct/MeasurementProcess>
<https://www.inf.ufrgs.br/ontologies/copi/COPI_0000051>	<https://spec.industrialontologies.org/ontology/construct/describes>	<https://www.inf.ufrgs.br/ontologies/copi/COPI_0000056>
<https://www.inf.ufrgs.br/ontologies/copi/COPI_0000048>	<https://spec.industrialontologies.org/ontology/construct/describes>	<https://www.inf.ufrgs.br/ontologies/copi/COPI_0000053>
<https://www.inf.ufrgs.br/ontologies/copi/COPI_0000050>	<https://spec.industrialontologies.org/ontology/construct/describes>	<https://www.inf.ufrgs.br/ontologies/copi/COPI_0000055>
<https://www.inf.ufrgs.br/ontologies/copi/COPI_0000066>	<http://purl.obolibrary.org/obo/BFO_0000054>	<https://www.inf.ufrgs.br/ontologies/copi/COPI_0000011>
<https://www.inf.ufrgs.br/ontologies/copi/COPI_0000069>	<http://purl.obolibrary.org/obo/BFO_0000054>	<https://www.inf.ufrgs.br/ontologies/copi/COPI_0000013>
<https://www.inf.ufrgs.br/ontologies/copi/COPI_0000070>	<http://purl.obolibrary.org/obo/BFO_0000054>	<https://spec.industrialontologies.org/ontology/construct/MeasurementProcess>
<https://www.inf.ufrgs.br/ontologies/copi/COPI_0000068>	<http://purl.obolibrary.org/obo/BFO_0000054>	<https://www.inf.ufrgs.br/ontologies/copi/COPI_0000004>
<https://www.inf.ufrgs.br/ontologies/copi/COPI_0000074>	<https://spec.industrialontologies.org/ontology/construct/hasFunction>	<https://www.inf.ufrgs.br/ontologies/copi/COPI_0000068>
<https://www.inf.ufrgs.br/ontologies/copi/COPI_0000067>	<http://purl.obolibrary.org/obo/BFO_0000054>	<https://www.inf.ufrgs.br/ontologies/copi/COPI_0000012>
_:B571f1838X2D64c4X2D48faX2Db5c1X2Dccf73aa6b020genid1013	<http://www.w3.org/2000/01/rdf-schema#subClassOf>	<https://spec.industrialontologies.org/ontology/construct/EncodedAlgorithm>
<https://spec.industrialontologies.org/ontology/construct/Capability>	<http://www.w3.org/2000/01/rdf-schema#subClassOf>	<http://purl.obolibrary.org/obo/BFO_0000016>
<https://spec.industrialontologies.org/ontology/construct/PlannedProcess>	<http://www.w3.org/2000/01/rdf-schema#subClassOf>	<http://purl.obolibrary.org/obo/BFO_0000015>
<https://spec.industrialontologies.org/ontology/construct/CommercialServiceAgreement>	<http://www.w3.org/2000/01/rdf-schema#subClassOf>	<https://spec.industrialontologies.org/ontology/construct/Agreement>
<http://purl.obolibrary.org/obo/BFO_0000040>	<http://www.w3.org/2000/01/rdf-schema#subClassOf>	<http://purl.obolibrary.org/obo/BFO_0000004>
<http://purl.obolibrary.org/obo/BFO_0000146>	<http://www.w3.org/2000/01/rdf-schema#subClassOf>	<http://purl.obolibrary.org/obo/BFO_0000140>
<https://spec.industrialontologies.org/ontology/construct/EquipmentRole>	<http://www.w3.org/2000/01/rdf-schema#subClassOf>	<http://purl.obolibrary.org/obo/BFO_0000023>
<https://spec.industrialontologies.org/ontology/construct/SupplyingBusinessProcess>	<http://www.w3.org/2000/01/rdf-schema#subClassOf>	<https://spec.industrialontologies.org/ontology/construct/BusinessProcess>
<https://spec.industrialontologies.org/ontology/construct/AssemblyProcess>	<http://www.w3.org/2000/01/rdf-schema#subClassOf>	<https://spec.industrialontologies.org/ontology/construct/ManufacturingProcess>
<https://spec.industrialontologies.org/ontology/construct/InputSpecification>	<http://www.w3.org/2000/01/rdf-schema#subClassOf>	<https://spec.industrialontologies.org/ontology/construct/InformationContentEntity>
<https://spec.industrialontologies.org/ontology/construct/MaterialResourceRole>	<http://www.w3.org/2000/01/rdf-schema#subClassOf>	<http://purl.obolibrary.org/obo/BFO_0000023>
_:B571f1838X2D64c4X2D48faX2Db5c1X2Dccf73aa6b020genid962	<http://www.w3.org/2000/01/rdf-schema#subClassOf>	<https://spec.industrialontologies.org/ontology/construct/PlanSpecification>
<https://spec.industrialontologies.org/ontology/construct/SupplierRole>	<http://www.w3.org/2000/01/rdf-schema#subClassOf>	<https://spec.industrialontologies.org/ontology/construct/AgentRole>
<https://spec.industrialontologies.org/ontology/construct/TemporalInstantValueExpression>	<http://www.w3.org/2000/01/rdf-schema#subClassOf>	<https://spec.industrialontologies.org/ontology/construct/ValueExpression>
<http://purl.obolibrary.org/obo/BFO_0000140>	<http://www.w3.org/2000/01/rdf-schema#subClassOf>	<http://purl.obolibrary.org/obo/BFO_0000141>
<https://spec.industrialontologies.org/ontology/construct/SellingBusinessProcess>	<http://www.w3.org/2000/01/rdf-schema#subClassOf>	<https://spec.industrialontologies.org/ontology/construct/BusinessProcess>
<https://spec.industrialontologies.org/ontology/construct/GroupOfPersons>	<http://www.w3.org/2000/01/rdf-schema#subClassOf>	<http://purl.obolibrary.org/obo/BFO_0000027>
<https://spec.industrialontologies.org/ontology/construct/MaterialProductRole>	<http://www.w3.org/2000/01/rdf-schema#subClassOf>	<http://purl.obolibrary.org/obo/BFO_0000023>
<http://purl.obolibrary.org/obo/BFO_0000019>	<http://www.w3.org/2000/01/rdf-schema#subClassOf>	<http://purl.obolibrary.org/obo/BFO_0000020>
<https://spec.industrialontologies.org/ontology/construct/Customer>	<http://www.w3.org/2000/01/rdf-schema#subClassOf>	<https://spec.industrialontologies.org/ontology/construct/Agent>
<https://spec.industrialontologies.org/ontology/construct/TemporalDurationValueExpression>	<http://www.w3.org/2000/01/rdf-schema#subClassOf>	_:B571f1838X2D64c4X2D48faX2Db5c1X2Dccf73aa6b020genid929
<https://spec.industrialontologies.org/ontology/construct/BuyingBusinessProcess>	<http://www.w3.org/2000/01/rdf-schema#subClassOf>	<https://spec.industrialontologies.org/ontology/construct/BusinessProcess>
<https://spec.industrialontologies.org/ontology/construct/ProcessCharacteristic>	<http://www.w3.org/2000/01/rdf-schema#subClassOf>	<http://purl.obolibrary.org/obo/BFO_0000002>
<https://spec.industrialontologies.org/ontology/construct/Consumable>	<http://www.w3.org/2000/01/rdf-schema#subClassOf>	<http://purl.obolibrary.org/obo/BFO_0000040>
<https://spec.industrialontologies.org/ontology/construct/Person>	<http://www.w3.org/2000/01/rdf-schema#subClassOf>	<http://purl.obolibrary.org/obo/BFO_0000030>
<https://spec.industrialontologies.org/ontology/construct/AgentRole>	<http://www.w3.org/2000/01/rdf-schema#subClassOf>	<http://purl.obolibrary.org/obo/BFO_0000023>
<https://spec.industrialontologies.org/ontology/construct/MaterialArtifact>	<http://www.w3.org/2000/01/rdf-schema#subClassOf>	<http://purl.obolibrary.org/obo/BFO_0000030>
<https://spec.industrialontologies.org/ontology/construct/GroupOfAgents>	<http://www.w3.org/2000/01/rdf-schema#subClassOf>	<http://purl.obolibrary.org/obo/BFO_0000027>
<http://purl.obolibrary.org/obo/BFO_0000023>	<http://www.w3.org/2000/01/rdf-schema#subClassOf>	<http://purl.obolibrary.org/obo/BFO_0000017>
<https://spec.industrialontologies.org/ontology/construct/SupplyingBusinessProcess>	<http://www.w3.org/2000/01/rdf-schema#subClassOf>	_:B571f1838X2D64c4X2D48faX2Db5c1X2Dccf73aa6b020genid923
<https://spec.industrialontologies.org/ontology/construct/MeasurementProcess>	<http://www.w3.org/2000/01/rdf-schema#subClassOf>	<https://spec.industrialontologies.org/ontology/construct/PlannedProcess>
<https://spec.industrialontologies.org/ontology/construct/MeasurementInformationContentEntity>	<http://www.w3.org/2000/01/rdf-schema#subClassOf>	<https://spec.industrialontologies.org/ontology/construct/InformationContentEntity>
<http://purl.obolibrary.org/obo/BFO_0000145>	<http://www.w3.org/2000/01/rdf-schema#subClassOf>	<http://purl.obolibrary.org/obo/BFO_0000019>
<https://spec.industrialontologies.org/ontology/construct/Agent>	<http://www.w3.org/2000/01/rdf-schema#subClassOf>	<http://purl.obolibrary.org/obo/BFO_0000040>
<https://spec.industrialontologies.org/ontology/construct/DirectiveInformationContentEntity>	<http://www.w3.org/2000/01/rdf-schema#subClassOf>	<https://spec.industrialontologies.org/ontology/construct/InformationContentEntity>
<https://spec.industrialontologies.org/ontology/construct/System>	<http://www.w3.org/2000/01/rdf-schema#subClassOf>	<http://purl.obolibrary.org/obo/BFO_0000027>
<https://spec.industrialontologies.org/ontology/construct/MaintainableMaterialItemRole>	<http://www.w3.org/2000/01/rdf-schema#subClassOf>	<http://purl.obolibrary.org/obo/BFO_0000023>
_:B571f1838X2D64c4X2D48faX2Db5c1X2Dccf73aa6b020genid1009	<http://www.w3.org/2000/01/rdf-schema#subClassOf>	<https://spec.industrialontologies.org/ontology/construct/CommercialServiceSpecification>
<https://spec.industrialontologies.org/ontology/construct/RawMaterial>	<http://www.w3.org/2000/01/rdf-schema#subClassOf>	<http://purl.obolibrary.org/obo/BFO_0000040>
<https://spec.industrialontologies.org/ontology/construct/DesignativeInformationContentEntity>	<http://www.w3.org/2000/01/rdf-schema#subClassOf>	<https://spec.industrialontologies.org/ontology/construct/InformationContentEntity>
<http://purl.obolibrary.org/obo/BFO_0000003>	<http://www.w3.org/2000/01/rdf-schema#subClassOf>	<http://purl.obolibrary.org/obo/BFO_0000001>
<http://purl.obolibrary.org/obo/BFO_0000027>	<http://www.w3.org/2000/01/rdf-schema#subClassOf>	<http://purl.obolibrary.org/obo/BFO_0000040>
<https://spec.industrialontologies.org/ontology/construct/BusinessOrganization>	<http://www.w3.org/2000/01/rdf-schema#subClassOf>	<https://spec.industrialontologies.org/ontology/construct/Organization>
<https://spec.industrialontologies.org/ontology/construct/OrganizedGroupOfAgents>	<http://www.w3.org/2000/01/rdf-schema#subClassOf>	<https://spec.industrialontologies.org/ontology/construct/GroupOfAgents>
<https://spec.industrialontologies.org/ontology/construct/MaterialComponentRole>	<http://www.w3.org/2000/01/rdf-schema#subClassOf>	<http://purl.obolibrary.org/obo/BFO_0000023>
<http://purl.obolibrary.org/obo/BFO_0000002>	<http://www.w3.org/2000/01/rdf-schema#subClassOf>	<http://purl.obolibrary.org/obo/BFO_0000001>
<http://purl.obolibrary.org/obo/BFO_0000182>	<http://www.w3.org/2000/01/rdf-schema#subClassOf>	<http://purl.obolibrary.org/obo/BFO_0000015>
<https://spec.industrialontologies.org/ontology/construct/RequirementSpecification>	<http://www.w3.org/2000/01/rdf-schema#subClassOf>	<https://spec.industrialontologies.org/ontology/construct/InformationContentEntity>
<https://spec.industrialontologies.org/ontology/construct/MaterialResource>	<http://www.w3.org/2000/01/rdf-schema#subClassOf>	<http://purl.obolibrary.org/obo/BFO_0000040>
<http://purl.obolibrary.org/obo/BFO_0000011>	<http://www.w3.org/2000/01/rdf-schema#subClassOf>	<http://purl.obolibrary.org/obo/BFO_0000003>
<https://spec.industrialontologies.org/ontology/construct/ConsumableRole>	<http://www.w3.org/2000/01/rdf-schema#subClassOf>	<http://purl.obolibrary.org/obo/BFO_0000023>
<https://spec.industrialontologies.org/ontology/construct/ServiceProviderRole>	<http://www.w3.org/2000/01/rdf-schema#subClassOf>	<https://spec.industrialontologies.org/ontology/construct/SupplierRole>
<https://spec.industrialontologies.org/ontology/construct/ObjectiveSpecification>	<http://www.w3.org/2000/01/rdf-schema#subClassOf>	<https://spec.industrialontologies.org/ontology/construct/InformationContentEntity>
_:B571f1838X2D64c4X2D48faX2Db5c1X2Dccf73aa6b020genid985	<http://www.w3.org/2000/01/rdf-schema#subClassOf>	<https://spec.industrialontologies.org/ontology/construct/DesignSpecification>
<http://purl.obolibrary.org/obo/BFO_0000029>	<http://www.w3.org/2000/01/rdf-schema#subClassOf>	<http://purl.obolibrary.org/obo/BFO_0000141>
<https://spec.industrialontologies.org/ontology/construct/Denoter>	<http://www.w3.org/2000/01/rdf-schema#subClassOf>	<https://spec.industrialontologies.org/ontology/construct/InformationContentEntity>
<https://spec.industrialontologies.org/ontology/construct/Agreement>	<http://www.w3.org/2000/01/rdf-schema#subClassOf>	<https://spec.industrialontologies.org/ontology/construct/InformationContentEntity>
<https://spec.industrialontologies.org/ontology/construct/EncodedAlgorithm>	<http://www.w3.org/2000/01/rdf-schema#subClassOf>	<https://spec.industrialontologies.org/ontology/construct/PlanSpecification>
<https://spec.industrialontologies.org/ontology/construct/BuyerRole>	<http://www.w3.org/2000/01/rdf-schema#subClassOf>	<https://spec.industrialontologies.org/ontology/construct/AgentRole>
<https://spec.industrialontologies.org/ontology/construct/Assembly>	<http://www.w3.org/2000/01/rdf-schema#subClassOf>	<https://spec.industrialontologies.org/ontology/construct/MaterialArtifact>
<http://purl.obolibrary.org/obo/BFO_0000203>	<http://www.w3.org/2000/01/rdf-schema#subClassOf>	<http://purl.obolibrary.org/obo/BFO_0000148>
<https://spec.industrialontologies.org/ontology/construct/PhysicalLocationIdentifier>	<http://www.w3.org/2000/01/rdf-schema#subClassOf>	<https://spec.industrialontologies.org/ontology/construct/Identifier>
<http://purl.obolibrary.org/obo/BFO_0000017>	<http://www.w3.org/2000/01/rdf-schema#subClassOf>	<http://purl.obolibrary.org/obo/BFO_0000020>
<https://spec.industrialontologies.org/ontology/construct/Algorithm>	<http://www.w3.org/2000/01/rdf-schema#subClassOf>	<https://spec.industrialontologies.org/ontology/construct/InformationContentEntity>
<http://purl.obolibrary.org/obo/BFO_0000202>	<http://www.w3.org/2000/01/rdf-schema#subClassOf>	<http://purl.obolibrary.org/obo/BFO_0000038>
_:B571f1838X2D64c4X2D48faX2Db5c1X2Dccf73aa6b020genid1001	<http://www.w3.org/2000/01/rdf-schema#subClassOf>	<https://spec.industrialontologies.org/ontology/construct/RequirementSpecification>
<https://spec.industrialontologies.org/ontology/construct/ManufacturingProcess>	<http://www.w3.org/2000/01/rdf-schema#subClassOf>	<https://spec.industrialontologies.org/ontology/construct/PlannedProcess>
<https://spec.industrialontologies.org/ontology/construct/BusinessProcess>	<http://www.w3.org/2000/01/rdf-schema#subClassOf>	<https://spec.industrialontologies.org/ontology/construct/PlannedProcess>
<https://spec.industrialontologies.org/ontology/construct/ServiceProvider>	<http://www.w3.org/2000/01/rdf-schema#subClassOf>	<https://spec.industrialontologies.org/ontology/construct/Supplier>
<https://spec.industrialontologies.org/ontology/construct/DescriptiveInformationContentEntity>	<http://www.w3.org/2000/01/rdf-schema#subClassOf>	<https://spec.industrialontologies.org/ontology/construct/InformationContentEntity>
_:B571f1838X2D64c4X2D48faX2Db5c1X2Dccf73aa6b020genid993	<http://www.w3.org/2000/01/rdf-schema#subClassOf>	<https://spec.industrialontologies.org/ontology/construct/ActionSpecification>
_:B571f1838X2D64c4X2D48faX2Db5c1X2Dccf73aa6b020genid954	<http://www.w3.org/2000/01/rdf-schema#subClassOf>	<https://spec.industrialontologies.org/ontology/construct/CommercialServiceAgreement>
<http://purl.obolibrary.org/obo/BFO_0000024>	<http://www.w3.org/2000/01/rdf-schema#subClassOf>	<http://purl.obolibrary.org/obo/BFO_0000040>
<https://spec.industrialontologies.org/ontology/construct/ValueExpression>	<http://www.w3.org/2000/01/rdf-schema#subClassOf>	<https://spec.industrialontologies.org/ontology/construct/InformationContentEntity>
<http://purl.obolibrary.org/obo/BFO_0000020>	<http://www.w3.org/2000/01/rdf-schema#subClassOf>	<http://purl.obolibrary.org/obo/BFO_0000002>
<https://spec.industrialontologies.org/ontology/construct/MaintainableMaterialItem>	<http://www.w3.org/2000/01/rdf-schema#subClassOf>	<http://purl.obolibrary.org/obo/BFO_0000040>
<http://purl.obolibrary.org/obo/BFO_0000026>	<http://www.w3.org/2000/01/rdf-schema#subClassOf>	<http://purl.obolibrary.org/obo/BFO_0000006>
<https://spec.industrialontologies.org/ontology/construct/ProcuringBusinessProcess>	<http://www.w3.org/2000/01/rdf-schema#subClassOf>	<https://spec.industrialontologies.org/ontology/construct/BusinessProcess>
<https://spec.industrialontologies.org/ontology/construct/OutputObjectiveSpecification>	<http://www.w3.org/2000/01/rdf-schema#subClassOf>	<https://spec.industrialontologies.org/ontology/construct/ObjectiveSpecification>
<http://purl.obolibrary.org/obo/BFO_0000144>	<http://www.w3.org/2000/01/rdf-schema#subClassOf>	<http://purl.obolibrary.org/obo/BFO_0000015>
<https://spec.industrialontologies.org/ontology/construct/BusinessFunction>	<http://www.w3.org/2000/01/rdf-schema#subClassOf>	<http://purl.obolibrary.org/obo/BFO_0000034>
<https://spec.industrialontologies.org/ontology/construct/MeasurementCapability>	<http://www.w3.org/2000/01/rdf-schema#subClassOf>	<https://spec.industrialontologies.org/ontology/construct/Capability>
<https://spec.industrialontologies.org/ontology/construct/CommercialService>	<http://www.w3.org/2000/01/rdf-schema#subClassOf>	<https://spec.industrialontologies.org/ontology/construct/BusinessProcess>
<https://spec.industrialontologies.org/ontology/construct/ActionSpecification>	<http://www.w3.org/2000/01/rdf-schema#subClassOf>	<https://spec.industrialontologies.org/ontology/construct/InformationContentEntity>
<https://spec.industrialontologies.org/ontology/construct/RawMaterialRole>	<http://www.w3.org/2000/01/rdf-schema#subClassOf>	<http://purl.obolibrary.org/obo/BFO_0000023>
<http://purl.obolibrary.org/obo/BFO_0000006>	<http://www.w3.org/2000/01/rdf-schema#subClassOf>	<http://purl.obolibrary.org/obo/BFO_0000141>
<https://spec.industrialontologies.org/ontology/construct/Buyer>	<http://www.w3.org/2000/01/rdf-schema#subClassOf>	<https://spec.industrialontologies.org/ontology/construct/Agent>
<https://spec.industrialontologies.org/ontology/construct/ComputingProcess>	<http://www.w3.org/2000/01/rdf-schema#subClassOf>	<https://spec.industrialontologies.org/ontology/construct/PlannedProcess>
<https://spec.industrialontologies.org/ontology/construct/Event>	<http://www.w3.org/2000/01/rdf-schema#subClassOf>	_:B571f1838X2D64c4X2D48faX2Db5c1X2Dccf73aa6b020genid503
<https://spec.industrialontologies.org/ontology/construct/GainOfRole>	<http://www.w3.org/2000/01/rdf-schema#subClassOf>	<http://purl.obolibrary.org/obo/BFO_0000015>
<http://purl.obolibrary.org/obo/BFO_0000038>	<http://www.w3.org/2000/01/rdf-schema#subClassOf>	<http://purl.obolibrary.org/obo/BFO_0000008>
<https://spec.industrialontologies.org/ontology/construct/InformationContentEntity>	<http://www.w3.org/2000/01/rdf-schema#subClassOf>	<http://purl.obolibrary.org/obo/BFO_0000031>
<http://purl.obolibrary.org/obo/BFO_0000009>	<http://www.w3.org/2000/01/rdf-schema#subClassOf>	<http://purl.obolibrary.org/obo/BFO_0000006>
<https://spec.industrialontologies.org/ontology/construct/ManufacturerRole>	<http://www.w3.org/2000/01/rdf-schema#subClassOf>	<https://spec.industrialontologies.org/ontology/construct/AgentRole>
<http://purl.obolibrary.org/obo/BFO_0000016>	<http://www.w3.org/2000/01/rdf-schema#subClassOf>	<http://purl.obolibrary.org/obo/BFO_0000017>
<http://purl.obolibrary.org/obo/BFO_0000015>	<http://www.w3.org/2000/01/rdf-schema#subClassOf>	<http://purl.obolibrary.org/obo/BFO_0000003>
<https://spec.industrialontologies.org/ontology/construct/EngineeredSystem>	<http://www.w3.org/2000/01/rdf-schema#subClassOf>	<https://spec.industrialontologies.org/ontology/construct/System>
<https://spec.industrialontologies.org/ontology/construct/MaterialState>	<http://www.w3.org/2000/01/rdf-schema#subClassOf>	<http://purl.obolibrary.org/obo/BFO_0000015>
<https://spec.industrialontologies.org/ontology/construct/PlanSpecification>	<http://www.w3.org/2000/01/rdf-schema#subClassOf>	<https://spec.industrialontologies.org/ontology/construct/InformationContentEntity>
<http://purl.obolibrary.org/obo/BFO_0000031>	<http://www.w3.org/2000/01/rdf-schema#subClassOf>	<http://purl.obolibrary.org/obo/BFO_0000002>
<https://spec.industrialontologies.org/ontology/construct/ProductProductionProcess>	<http://www.w3.org/2000/01/rdf-schema#subClassOf>	<https://spec.industrialontologies.org/ontology/construct/BusinessProcess>
_:B571f1838X2D64c4X2D48faX2Db5c1X2Dccf73aa6b020genid938	<http://www.w3.org/2000/01/rdf-schema#subClassOf>	<https://spec.industrialontologies.org/ontology/construct/InformationContentEntity>
<https://spec.industrialontologies.org/ontology/construct/Event>	<http://www.w3.org/2000/01/rdf-schema#subClassOf>	<http://purl.obolibrary.org/obo/BFO_0000003>
<https://spec.industrialontologies.org/ontology/construct/MaterialComponent>	<http://www.w3.org/2000/01/rdf-schema#subClassOf>	<http://purl.obolibrary.org/obo/BFO_0000040>
<https://spec.industrialontologies.org/ontology/construct/MaterialLocationChangeProcess>	<http://www.w3.org/2000/01/rdf-schema#subClassOf>	<https://spec.industrialontologies.org/ontology/construct/PlannedProcess>
<http://purl.obolibrary.org/obo/BFO_0000147>	<http://www.w3.org/2000/01/rdf-schema#subClassOf>	<http://purl.obolibrary.org/obo/BFO_0000140>
<https://spec.industrialontologies.org/ontology/construct/CustomerRole>	<http://www.w3.org/2000/01/rdf-schema#subClassOf>	<https://spec.industrialontologies.org/ontology/construct/AgentRole>
<http://purl.obolibrary.org/obo/BFO_0000004>	<http://www.w3.org/2000/01/rdf-schema#subClassOf>	<http://purl.obolibrary.org/obo/BFO_0000002>
<https://spec.industrialontologies.org/ontology/construct/Manufacturer>	<http://www.w3.org/2000/01/rdf-schema#subClassOf>	<https://spec.industrialontologies.org/ontology/construct/Agent>
<https://spec.industrialontologies.org/ontology/construct/Identifier>	<http://www.w3.org/2000/01/rdf-schema#subClassOf>	<https://spec.industrialontologies.org/ontology/construct/Denoter>
_:B571f1838X2D64c4X2D48faX2Db5c1X2Dccf73aa6b020genid970	<http://www.w3.org/2000/01/rdf-schema#subClassOf>	<https://spec.industrialontologies.org/ontology/construct/ObjectiveSpecification>
<https://spec.industrialontologies.org/ontology/construct/PieceOfEquipment>	<http://www.w3.org/2000/01/rdf-schema#subClassOf>	<http://purl.obolibrary.org/obo/BFO_0000040>
<https://spec.industrialontologies.org/ontology/construct/CommercialServiceSpecification>	<http://www.w3.org/2000/01/rdf-schema#subClassOf>	<https://spec.industrialontologies.org/ontology/construct/PlanSpecification>
<http://purl.obolibrary.org/obo/BFO_0000034>	<http://www.w3.org/2000/01/rdf-schema#subClassOf>	<http://purl.obolibrary.org/obo/BFO_0000016>
<http://purl.obolibrary.org/obo/BFO_0000141>	<http://www.w3.org/2000/01/rdf-schema#subClassOf>	<http://purl.obolibrary.org/obo/BFO_0000004>
<http://purl.obolibrary.org/obo/BFO_0000142>	<http://www.w3.org/2000/01/rdf-schema#subClassOf>	<http://purl.obolibrary.org/obo/BFO_0000140>
<https://spec.industrialontologies.org/ontology/construct/Organization>	<http://www.w3.org/2000/01/rdf-schema#subClassOf>	<https://spec.industrialontologies.org/ontology/construct/OrganizedGroupOfAgents>
<http://purl.obolibrary.org/obo/BFO_0000035>	<http://www.w3.org/2000/01/rdf-schema#subClassOf>	<http://purl.obolibrary.org/obo/BFO_0000003>
<https://spec.industrialontologies.org/ontology/construct/LossOfRole>	<http://www.w3.org/2000/01/rdf-schema#subClassOf>	<http://purl.obolibrary.org/obo/BFO_0000015>
<http://purl.obolibrary.org/obo/BFO_0000034>	<http://www.w3.org/2000/01/rdf-schema#subClassOf>	<https://spec.industrialontologies.org/ontology/construct/Capability>
<http://purl.obolibrary.org/obo/BFO_0000028>	<http://www.w3.org/2000/01/rdf-schema#subClassOf>	<http://purl.obolibrary.org/obo/BFO_0000006>
<https://spec.industrialontologies.org/ontology/construct/DesignSpecification>	<http://www.w3.org/2000/01/rdf-schema#subClassOf>	<https://spec.industrialontologies.org/ontology/construct/InformationContentEntity>
_:B571f1838X2D64c4X2D48faX2Db5c1X2Dccf73aa6b020genid942	<http://www.w3.org/2000/01/rdf-schema#subClassOf>	<https://spec.industrialontologies.org/ontology/construct/BusinessFunction>
_:B571f1838X2D64c4X2D48faX2Db5c1X2Dccf73aa6b020genid997	<http://www.w3.org/2000/01/rdf-schema#subClassOf>	<https://spec.industrialontologies.org/ontology/construct/Algorithm>
<https://spec.industrialontologies.org/ontology/construct/Supplier>	<http://www.w3.org/2000/01/rdf-schema#subClassOf>	<https://spec.industrialontologies.org/ontology/construct/Agent>
<https://spec.industrialontologies.org/ontology/construct/ConsumableRole>	<http://www.w3.org/2000/01/rdf-schema#subClassOf>	_:B571f1838X2D64c4X2D48faX2Db5c1X2Dccf73aa6b020genid417
<https://spec.industrialontologies.org/ontology/construct/MaterialProduct>	<http://www.w3.org/2000/01/rdf-schema#subClassOf>	<http://purl.obolibrary.org/obo/BFO_0000040>
<http://purl.obolibrary.org/obo/BFO_0000008>	<http://www.w3.org/2000/01/rdf-schema#subClassOf>	<http://purl.obolibrary.org/obo/BFO_0000003>
_:B571f1838X2D64c4X2D48faX2Db5c1X2Dccf73aa6b020genid1005	<http://www.w3.org/2000/01/rdf-schema#subClassOf>	<https://spec.industrialontologies.org/ontology/construct/Assembly>
<https://spec.industrialontologies.org/ontology/construct/DesignedFunction>	<http://www.w3.org/2000/01/rdf-schema#subClassOf>	<http://purl.obolibrary.org/obo/BFO_0000034>
<http://purl.obolibrary.org/obo/BFO_0000148>	<http://www.w3.org/2000/01/rdf-schema#subClassOf>	<http://purl.obolibrary.org/obo/BFO_0000008>
<http://purl.obolibrary.org/obo/BFO_0000030>	<http://www.w3.org/2000/01/rdf-schema#subClassOf>	<http://purl.obolibrary.org/obo/BFO_0000040>
<https://spec.industrialontologies.org/ontology/construct/MeasuredValueExpression>	<http://www.w3.org/2000/01/rdf-schema#subClassOf>	<https://spec.industrialontologies.org/ontology/construct/ValueExpression>
<http://purl.obolibrary.org/obo/BFO_0000018>	<http://www.w3.org/2000/01/rdf-schema#subClassOf>	<http://purl.obolibrary.org/obo/BFO_0000006>
<https://spec.industrialontologies.org/ontology/construct/OrganizationIdentifier>	<http://www.w3.org/2000/01/rdf-schema#subClassOf>	<https://spec.industrialontologies.org/ontology/construct/Identifier>
_:B5efe5dedX2Db671X2D494dX2D99e5X2Df726c9ebb03agenid855	<http://www.w3.org/2000/01/rdf-schema#subClassOf>	<https://spec.industrialontologies.org/ontology/construct/CommercialServiceSpecification>
_:B5efe5dedX2Db671X2D494dX2D99e5X2Df726c9ebb03agenid808	<http://www.w3.org/2000/01/rdf-schema#subClassOf>	<https://spec.industrialontologies.org/ontology/construct/PlanSpecification>
_:B5efe5dedX2Db671X2D494dX2D99e5X2Df726c9ebb03agenid784	<http://www.w3.org/2000/01/rdf-schema#subClassOf>	<https://spec.industrialontologies.org/ontology/construct/InformationContentEntity>
_:B5efe5dedX2Db671X2D494dX2D99e5X2Df726c9ebb03agenid843	<http://www.w3.org/2000/01/rdf-schema#subClassOf>	<https://spec.industrialontologies.org/ontology/construct/Algorithm>
_:B5efe5dedX2Db671X2D494dX2D99e5X2Df726c9ebb03agenid800	<http://www.w3.org/2000/01/rdf-schema#subClassOf>	<https://spec.industrialontologies.org/ontology/construct/CommercialServiceAgreement>
_:B5efe5dedX2Db671X2D494dX2D99e5X2Df726c9ebb03agenid831	<http://www.w3.org/2000/01/rdf-schema#subClassOf>	<https://spec.industrialontologies.org/ontology/construct/DesignSpecification>
_:B5efe5dedX2Db671X2D494dX2D99e5X2Df726c9ebb03agenid788	<http://www.w3.org/2000/01/rdf-schema#subClassOf>	<https://spec.industrialontologies.org/ontology/construct/BusinessFunction>
_:B5efe5dedX2Db671X2D494dX2D99e5X2Df726c9ebb03agenid839	<http://www.w3.org/2000/01/rdf-schema#subClassOf>	<https://spec.industrialontologies.org/ontology/construct/ActionSpecification>
_:B5efe5dedX2Db671X2D494dX2D99e5X2Df726c9ebb03agenid847	<http://www.w3.org/2000/01/rdf-schema#subClassOf>	<https://spec.industrialontologies.org/ontology/construct/RequirementSpecification>
_:B5efe5dedX2Db671X2D494dX2D99e5X2Df726c9ebb03agenid816	<http://www.w3.org/2000/01/rdf-schema#subClassOf>	<https://spec.industrialontologies.org/ontology/construct/ObjectiveSpecification>
_:B5efe5dedX2Db671X2D494dX2D99e5X2Df726c9ebb03agenid851	<http://www.w3.org/2000/01/rdf-schema#subClassOf>	<https://spec.industrialontologies.org/ontology/construct/Assembly>
<https://spec.industrialontologies.org/ontology/construct/SupplyingBusinessProcess>	<http://www.w3.org/2000/01/rdf-schema#subClassOf>	_:B5efe5dedX2Db671X2D494dX2D99e5X2Df726c9ebb03agenid769
<https://spec.industrialontologies.org/ontology/construct/TemporalDurationValueExpression>	<http://www.w3.org/2000/01/rdf-schema#subClassOf>	_:B5efe5dedX2Db671X2D494dX2D99e5X2Df726c9ebb03agenid775
<https://spec.industrialontologies.org/ontology/construct/Event>	<http://www.w3.org/2000/01/rdf-schema#subClassOf>	_:B5efe5dedX2Db671X2D494dX2D99e5X2Df726c9ebb03agenid349
<https://spec.industrialontologies.org/ontology/construct/ConsumableRole>	<http://www.w3.org/2000/01/rdf-schema#subClassOf>	_:B5efe5dedX2Db671X2D494dX2D99e5X2Df726c9ebb03agenid263
_:B5efe5dedX2Db671X2D494dX2D99e5X2Df726c9ebb03agenid859	<http://www.w3.org/2000/01/rdf-schema#subClassOf>	<https://spec.industrialontologies.org/ontology/construct/EncodedAlgorithm>
<https://www.inf.ufrgs.br/ontologies/copi/COPI_0000026>	<http://www.w3.org/2000/01/rdf-schema#subClassOf>	<https://spec.industrialontologies.org/ontology/construct/DesignedFunction>
<https://www.inf.ufrgs.br/ontologies/copi/COPI_0000047>	<http://www.w3.org/2000/01/rdf-schema#subClassOf>	<https://spec.industrialontologies.org/ontology/construct/MeasurementInformationContentEntity>
<https://www.inf.ufrgs.br/ontologies/copi/COPI_0000048>	<http://www.w3.org/2000/01/rdf-schema#subClassOf>	<https://spec.industrialontologies.org/ontology/construct/MeasurementInformationContentEntity>
<https://www.inf.ufrgs.br/ontologies/copi/COPI_0000060>	<http://www.w3.org/2000/01/rdf-schema#subClassOf>	<http://purl.obolibrary.org/obo/BFO_0000019>
<https://www.inf.ufrgs.br/ontologies/copi/COPI_0000049>	<http://www.w3.org/2000/01/rdf-schema#subClassOf>	<https://spec.industrialontologies.org/ontology/construct/MeasurementInformationContentEntity>
<https://www.inf.ufrgs.br/ontologies/copi/COPI_0000056>	<http://www.w3.org/2000/01/rdf-schema#subClassOf>	<http://purl.obolibrary.org/obo/BFO_0000019>
<https://www.inf.ufrgs.br/ontologies/copi/COPI_0000054>	<http://www.w3.org/2000/01/rdf-schema#subClassOf>	<http://purl.obolibrary.org/obo/BFO_0000019>
<https://www.inf.ufrgs.br/ontologies/copi/COPI_0000045>	<http://www.w3.org/2000/01/rdf-schema#subClassOf>	<https://spec.industrialontologies.org/ontology/construct/InformationContentEntity>
<https://www.inf.ufrgs.br/ontologies/copi/COPI_0000042>	<http://www.w3.org/2000/01/rdf-schema#subClassOf>	<https://www.inf.ufrgs.br/ontologies/copi/COPI_0000041>
<https://www.inf.ufrgs.br/ontologies/copi/COPI_0000037>	<http://www.w3.org/2000/01/rdf-schema#subClassOf>	<http://purl.obolibrary.org/obo/BFO_0000040>
<https://www.inf.ufrgs.br/ontologies/copi/COPI_0000034>	<http://www.w3.org/2000/01/rdf-schema#subClassOf>	<https://www.inf.ufrgs.br/ontologies/copi/COPI_0000010>
<https://www.inf.ufrgs.br/ontologies/copi/COPI_0000059>	<http://www.w3.org/2000/01/rdf-schema#subClassOf>	<http://purl.obolibrary.org/obo/BFO_0000019>
<https://www.inf.ufrgs.br/ontologies/copi/COPI_0000057>	<http://www.w3.org/2000/01/rdf-schema#subClassOf>	<http://purl.obolibrary.org/obo/BFO_0000019>
<https://www.inf.ufrgs.br/ontologies/copi/COPI_0000041>	<http://www.w3.org/2000/01/rdf-schema#subClassOf>	<https://www.inf.ufrgs.br/ontologies/copi/COPI_0000038>
<https://www.inf.ufrgs.br/ontologies/copi/COPI_0000050>	<http://www.w3.org/2000/01/rdf-schema#subClassOf>	<https://spec.industrialontologies.org/ontology/construct/MeasurementInformationContentEntity>
<https://www.inf.ufrgs.br/ontologies/copi/COPI_0000030>	<http://www.w3.org/2000/01/rdf-schema#subClassOf>	<https://www.inf.ufrgs.br/ontologies/copi/COPI_0000029>
<https://www.inf.ufrgs.br/ontologies/copi/COPI_0000029>	<http://www.w3.org/2000/01/rdf-schema#subClassOf>	<https://spec.industrialontologies.org/ontology/construct/DesignedFunction>
<https://www.inf.ufrgs.br/ontologies/copi/COPI_0000035>	<http://www.w3.org/2000/01/rdf-schema#subClassOf>	<https://spec.industrialontologies.org/ontology/construct/MeasurementProcess>
<https://www.inf.ufrgs.br/ontologies/copi/COPI_0000055>	<http://www.w3.org/2000/01/rdf-schema#subClassOf>	<http://purl.obolibrary.org/obo/BFO_0000019>
<https://www.inf.ufrgs.br/ontologies/copi/COPI_0000053>	<http://www.w3.org/2000/01/rdf-schema#subClassOf>	<http://purl.obolibrary.org/obo/BFO_0000019>
<https://www.inf.ufrgs.br/ontologies/copi/COPI_0000044>	<http://www.w3.org/2000/01/rdf-schema#subClassOf>	<https://www.inf.ufrgs.br/ontologies/copi/COPI_0000037>
<https://www.inf.ufrgs.br/ontologies/copi/COPI_0000033>	<http://www.w3.org/2000/01/rdf-schema#subClassOf>	<https://www.inf.ufrgs.br/ontologies/copi/COPI_0000010>
<https://www.inf.ufrgs.br/ontologies/copi/COPI_0000040>	<http://www.w3.org/2000/01/rdf-schema#subClassOf>	<http://purl.obolibrary.org/obo/BFO_0000040>
<https://www.inf.ufrgs.br/ontologies/copi/COPI_0000028>	<http://www.w3.org/2000/01/rdf-schema#subClassOf>	<https://spec.industrialontologies.org/ontology/construct/DesignedFunction>
<https://www.inf.ufrgs.br/ontologies/copi/COPI_0000039>	<http://www.w3.org/2000/01/rdf-schema#subClassOf>	<https://www.inf.ufrgs.br/ontologies/copi/COPI_0000037>
<https://www.inf.ufrgs.br/ontologies/copi/COPI_0000043>	<http://www.w3.org/2000/01/rdf-schema#subClassOf>	<https://www.inf.ufrgs.br/ontologies/copi/COPI_0000037>
<https://www.inf.ufrgs.br/ontologies/copi/COPI_0000025>	<http://www.w3.org/2000/01/rdf-schema#subClassOf>	<https://spec.industrialontologies.org/ontology/construct/DesignedFunction>
<https://www.inf.ufrgs.br/ontologies/copi/COPI_0000031>	<http://www.w3.org/2000/01/rdf-schema#subClassOf>	<https://www.inf.ufrgs.br/ontologies/copi/COPI_0000030>
<https://www.inf.ufrgs.br/ontologies/copi/COPI_0000058>	<http://www.w3.org/2000/01/rdf-schema#subClassOf>	<http://purl.obolibrary.org/obo/BFO_0000019>
<https://www.inf.ufrgs.br/ontologies/copi/COPI_0000036>	<http://www.w3.org/2000/01/rdf-schema#subClassOf>	<https://spec.industrialontologies.org/ontology/construct/MeasurementProcess>
<https://www.inf.ufrgs.br/ontologies/copi/COPI_0000038>	<http://www.w3.org/2000/01/rdf-schema#subClassOf>	<https://www.inf.ufrgs.br/ontologies/copi/COPI_0000037>
<https://www.inf.ufrgs.br/ontologies/copi/COPI_0000027>	<http://www.w3.org/2000/01/rdf-schema#subClassOf>	<https://www.inf.ufrgs.br/ontologies/copi/COPI_0000026>
<https://www.inf.ufrgs.br/ontologies/copi/COPI_0000051>	<http://www.w3.org/2000/01/rdf-schema#subClassOf>	<https://spec.industrialontologies.org/ontology/construct/MeasurementInformationContentEntity>
<https://www.inf.ufrgs.br/ontologies/copi/COPI_0000052>	<http://www.w3.org/2000/01/rdf-schema#subClassOf>	<http://purl.obolibrary.org/obo/BFO_0000019>
<https://www.inf.ufrgs.br/ontologies/copi/COPI_0000032>	<http://www.w3.org/2000/01/rdf-schema#subClassOf>	<https://spec.industrialontologies.org/ontology/construct/DesignedFunction>
<https://www.inf.ufrgs.br/ontologies/copi/COPI_0000046>	<http://www.w3.org/2000/01/rdf-schema#subClassOf>	<https://spec.industrialontologies.org/ontology/construct/InformationContentEntity>
<https://www.inf.ufrgs.br/ontologies/copi/COPI_0000067>	<http://www.w3.org/2000/01/rdf-schema#subClassOf>	<https://spec.industrialontologies.org/ontology/construct/DesignedFunction>
<https://www.inf.ufrgs.br/ontologies/copi/COPI_0000069>	<http://www.w3.org/2000/01/rdf-schema#subClassOf>	<https://spec.industrialontologies.org/ontology/construct/DesignedFunction>
<https://www.inf.ufrgs.br/ontologies/copi/COPI_0000075>	<http://www.w3.org/2000/01/rdf-schema#subClassOf>	<https://spec.industrialontologies.org/ontology/construct/Assembly>
<https://www.inf.ufrgs.br/ontologies/copi/COPI_0000070>	<http://www.w3.org/2000/01/rdf-schema#subClassOf>	<https://spec.industrialontologies.org/ontology/construct/DesignedFunction>
<https://www.inf.ufrgs.br/ontologies/copi/COPI_0000074>	<http://www.w3.org/2000/01/rdf-schema#subClassOf>	<https://spec.industrialontologies.org/ontology/construct/Assembly>
<https://www.inf.ufrgs.br/ontologies/copi/COPI_0000072>	<http://www.w3.org/2000/01/rdf-schema#subClassOf>	<https://spec.industrialontologies.org/ontology/construct/Assembly>
<https://www.inf.ufrgs.br/ontologies/copi/COPI_0000076>	<http://www.w3.org/2000/01/rdf-schema#subClassOf>	<https://spec.industrialontologies.org/ontology/construct/MaterialArtifact>
<https://www.inf.ufrgs.br/ontologies/copi/COPI_0000066>	<http://www.w3.org/2000/01/rdf-schema#subClassOf>	<https://spec.industrialontologies.org/ontology/construct/DesignedFunction>
<https://www.inf.ufrgs.br/ontologies/copi/COPI_0000068>	<http://www.w3.org/2000/01/rdf-schema#subClassOf>	<https://spec.industrialontologies.org/ontology/construct/DesignedFunction>
<https://www.inf.ufrgs.br/ontologies/copi/COPI_0000073>	<http://www.w3.org/2000/01/rdf-schema#subClassOf>	<https://spec.industrialontologies.org/ontology/construct/Assembly>
<https://www.inf.ufrgs.br/ontologies/copi/COPI_0000014>	<http://www.w3.org/2000/01/rdf-schema#subClassOf>	<https://www.inf.ufrgs.br/ontologies/copi/COPI_0000008>
<https://www.inf.ufrgs.br/ontologies/copi/COPI_0000015>	<http://www.w3.org/2000/01/rdf-schema#subClassOf>	<http://purl.obolibrary.org/obo/BFO_0000015>
<https://www.inf.ufrgs.br/ontologies/copi/COPI_0000022>	<http://www.w3.org/2000/01/rdf-schema#subClassOf>	<https://spec.industrialontologies.org/ontology/construct/MaterialArtifact>
<https://www.inf.ufrgs.br/ontologies/copi/COPI_0000018>	<http://www.w3.org/2000/01/rdf-schema#subClassOf>	<https://spec.industrialontologies.org/ontology/construct/MaterialArtifact>
<https://www.inf.ufrgs.br/ontologies/copi/COPI_0000012>	<http://www.w3.org/2000/01/rdf-schema#subClassOf>	<https://www.inf.ufrgs.br/ontologies/copi/COPI_0000003>
<https://www.inf.ufrgs.br/ontologies/copi/COPI_0000004>	<http://www.w3.org/2000/01/rdf-schema#subClassOf>	<https://www.inf.ufrgs.br/ontologies/copi/COPI_0000001>
<https://www.inf.ufrgs.br/ontologies/copi/COPI_0000008>	<http://www.w3.org/2000/01/rdf-schema#subClassOf>	<https://www.inf.ufrgs.br/ontologies/copi/COPI_0000001>
<https://www.inf.ufrgs.br/ontologies/copi/COPI_0000024>	<http://www.w3.org/2000/01/rdf-schema#subClassOf>	<https://spec.industrialontologies.org/ontology/construct/MaterialArtifact>
<https://www.inf.ufrgs.br/ontologies/copi/COPI_0000019>	<http://www.w3.org/2000/01/rdf-schema#subClassOf>	<https://spec.industrialontologies.org/ontology/construct/MaterialArtifact>
<https://www.inf.ufrgs.br/ontologies/copi/COPI_0000021>	<http://www.w3.org/2000/01/rdf-schema#subClassOf>	<https://spec.industrialontologies.org/ontology/construct/MaterialArtifact>
<https://www.inf.ufrgs.br/ontologies/copi/COPI_0000006>	<http://www.w3.org/2000/01/rdf-schema#subClassOf>	<https://www.inf.ufrgs.br/ontologies/copi/COPI_0000001>
<https://www.inf.ufrgs.br/ontologies/copi/COPI_0000017>	<http://www.w3.org/2000/01/rdf-schema#subClassOf>	<https://spec.industrialontologies.org/ontology/construct/MaterialArtifact>
<https://www.inf.ufrgs.br/ontologies/copi/COPI_0000005>	<http://www.w3.org/2000/01/rdf-schema#subClassOf>	<https://www.inf.ufrgs.br/ontologies/copi/COPI_0000001>
<https://www.inf.ufrgs.br/ontologies/copi/COPI_0000020>	<http://www.w3.org/2000/01/rdf-schema#subClassOf>	<https://spec.industrialontologies.org/ontology/construct/MaterialArtifact>
<https://www.inf.ufrgs.br/ontologies/copi/COPI_0000009>	<http://www.w3.org/2000/01/rdf-schema#subClassOf>	<https://www.inf.ufrgs.br/ontologies/copi/COPI_0000001>
<https://www.inf.ufrgs.br/ontologies/copi/COPI_0000001>	<http://www.w3.org/2000/01/rdf-schema#subClassOf>	<https://spec.industrialontologies.org/ontology/construct/PlannedProcess>
<https://www.inf.ufrgs.br/ontologies/copi/COPI_0000007>	<http://www.w3.org/2000/01/rdf-schema#subClassOf>	<https://www.inf.ufrgs.br/ontologies/copi/COPI_0000001>
<https://www.inf.ufrgs.br/ontologies/copi/COPI_0000003>	<http://www.w3.org/2000/01/rdf-schema#subClassOf>	<https://www.inf.ufrgs.br/ontologies/copi/COPI_0000001>
<https://www.inf.ufrgs.br/ontologies/copi/COPI_0000010>	<http://www.w3.org/2000/01/rdf-schema#subClassOf>	<https://www.inf.ufrgs.br/ontologies/copi/COPI_0000001>
<https://www.inf.ufrgs.br/ontologies/copi/COPI_0000011>	<http://www.w3.org/2000/01/rdf-schema#subClassOf>	<https://www.inf.ufrgs.br/ontologies/copi/COPI_0000003>
<https://www.inf.ufrgs.br/ontologies/copi/COPI_0000023>	<http://www.w3.org/2000/01/rdf-schema#subClassOf>	<https://spec.industrialontologies.org/ontology/construct/MaterialArtifact>
<https://www.inf.ufrgs.br/ontologies/copi/COPI_0000013>	<http://www.w3.org/2000/01/rdf-schema#subClassOf>	<https://www.inf.ufrgs.br/ontologies/copi/COPI_0000005>
<https://www.inf.ufrgs.br/ontologies/copi/COPI_0000016>	<http://www.w3.org/2000/01/rdf-schema#subClassOf>	<https://spec.industrialontologies.org/ontology/construct/MaterialArtifact>
